{"stats":{"minecraft:crafted":{"minecraft:charcoal":3,"minecraft:crafting_table":1,"minecraft:spruce_planks":32,"minecraft:stick":4,"minecraft:stone_pickaxe":1,"minecraft:furnace":1,"minecraft:stone_axe":1},"minecraft:killed_by":{"born_in_chaos_v1:dread_hound":1},"minecraft:mined":{"luminousworld:groundpebbles_1":2,"luminousworld:clovers_1":1,"minecraft:furnace":2,"minecraft:spruce_log":14,"minecraft:crafting_table":2,"minecraft:gold_block":1,"minecraft:grass_block":5,"minecraft:chest":1,"minecraft:dirt":27,"minecraft:packed_ice":9,"minecraft:spruce_leaves":5,"minecraft:stone":20,"minecraft:diorite":11},"minecraft:used":{"born_in_chaos_v1:corpse_maggot":1,"minecraft:stone_pickaxe":3,"minecraft:rotten_flesh":2,"minecraft:stone_axe":14,"minecraft:dirt":32,"minecraft:crafting_table":2,"minecraft:furnace":3,"alexsmobs:animal_dictionary":2,"tombstone:gift":2,"minecraft:golden_pickaxe":32,"minecraft:golden_axe":20},"minecraft:broken":{"minecraft:golden_pickaxe":1,"minecraft:golden_axe":1},"minecraft:picked_up":{"luminousworld:clovers_1":1,"born_in_chaos_v1:corpse_maggot":1,"luminousworld:groundpebbles_1":2,"minecraft:crafting_table":2,"minecraft:gold_block":1,"minecraft:porkchop":1,"minecraft:golden_axe":1,"minecraft:spruce_sapling":3,"minecraft:diorite":11,"minecraft:spruce_log":14,"minecraft:dirt":32,"alexsmobs:animal_dictionary":1,"minecraft:arrow":2,"minecraft:rotten_flesh":2,"minecraft:spruce_planks":26,"minecraft:sugar_cane":11,"minecraft:chest":2,"minecraft:mutton":3,"minecraft:white_wool":2,"minecraft:cobblestone":20,"minecraft:furnace":2},"minecraft:dropped":{"alexsmobs:animal_dictionary":1,"minecraft:golden_axe":1},"minecraft:killed":{"minecraft:sheep":2,"minecraft:pig":1,"born_in_chaos_v1:corpse_fly":1,"enemyexpansion:direwolf":1},"minecraft:custom":{"minecraft:time_since_rest":41611,"minecraft:interact_with_furnace":7,"minecraft:sprint_one_cm":130244,"minecraft:damage_taken":600,"minecraft:walk_one_cm":170280,"minecraft:mob_kills":5,"minecraft:drop":2,"minecraft:damage_dealt":543,"minecraft:swim_one_cm":9250,"minecraft:interact_with_crafting_table":3,"minecraft:fly_one_cm":110971,"minecraft:open_chest":1,"minecraft:crouch_one_cm":617,"minecraft:play_time":54060,"minecraft:deaths":2,"minecraft:sneak_time":144,"minecraft:walk_under_water_one_cm":9755,"minecraft:jump":624,"minecraft:leave_game":3,"minecraft:time_since_death":42178,"minecraft:walk_on_water_one_cm":7439,"minecraft:total_world_time":54060,"minecraft:fall_one_cm":6872}},"DataVersion":3465}