{"stats":{"minecraft:crafted":{"minecraft:spruce_planks":4},"minecraft:killed_by":{"born_in_chaos_v1:dread_hound":1},"minecraft:used":{"tombstone:gift":2,"alexsmobs:animal_dictionary":2,"minecraft:golden_axe":19,"minecraft:golden_pickaxe":1},"minecraft:mined":{"minecraft:chest":1,"minecraft:spruce_log":8,"minecraft:gold_block":1},"minecraft:picked_up":{"minecraft:arrow":2,"minecraft:gold_block":1,"minecraft:golden_axe":1,"minecraft:spruce_log":8,"minecraft:white_wool":2,"minecraft:mutton":3,"minecraft:chest":1,"minecraft:sugar_cane":4,"alexsmobs:animal_dictionary":1},"minecraft:dropped":{"minecraft:golden_axe":1,"alexsmobs:animal_dictionary":1},"minecraft:killed":{"minecraft:sheep":2,"enemyexpansion:direwolf":1},"minecraft:custom":{"minecraft:open_chest":1,"minecraft:time_since_rest":18409,"minecraft:sprint_one_cm":101104,"minecraft:play_time":30858,"minecraft:damage_taken":550,"minecraft:deaths":2,"minecraft:walk_one_cm":87310,"minecraft:sneak_time":15,"minecraft:walk_under_water_one_cm":6327,"minecraft:mob_kills":3,"minecraft:drop":2,"minecraft:jump":416,"minecraft:damage_dealt":345,"minecraft:leave_game":2,"minecraft:walk_on_water_one_cm":5745,"minecraft:time_since_death":18976,"minecraft:total_world_time":30858,"minecraft:swim_one_cm":9250,"minecraft:fall_one_cm":4831,"minecraft:fly_one_cm":94115}},"DataVersion":3465}