{"stats":{"minecraft:killed_by":{"born_in_chaos_v1:dread_hound":1},"minecraft:used":{"alexsmobs:animal_dictionary":2,"tombstone:gift":2,"minecraft:golden_pickaxe":1},"minecraft:picked_up":{"minecraft:arrow":2,"minecraft:gold_block":1,"minecraft:spruce_log":1,"minecraft:sugar_cane":4,"alexsmobs:animal_dictionary":1},"minecraft:dropped":{"alexsmobs:animal_dictionary":1},"minecraft:custom":{"minecraft:open_chest":1,"minecraft:time_since_rest":10930,"minecraft:sprint_one_cm":101104,"minecraft:play_time":23379,"minecraft:deaths":2,"minecraft:damage_taken":500,"minecraft:walk_one_cm":53640,"minecraft:sneak_time":15,"minecraft:walk_under_water_one_cm":6327,"minecraft:drop":1,"minecraft:jump":372,"minecraft:damage_dealt":25,"minecraft:leave_game":2,"minecraft:walk_on_water_one_cm":5745,"minecraft:time_since_death":11497,"minecraft:total_world_time":23379,"minecraft:swim_one_cm":9250,"minecraft:fall_one_cm":4622,"minecraft:fly_one_cm":94006},"minecraft:mined":{"minecraft:spruce_log":1,"minecraft:gold_block":1}},"DataVersion":3465}