{"stats":{"minecraft:crafted":{"minecraft:charcoal":3,"minecraft:crafting_table":1,"minecraft:spruce_planks":32,"minecraft:stick":4,"minecraft:stone_pickaxe":1,"minecraft:furnace":1,"minecraft:stone_axe":1,"minecraft:cooked_mutton":3},"minecraft:killed_by":{"born_in_chaos_v1:nightmare_stalker":1,"born_in_chaos_v1:dread_hound":1},"minecraft:mined":{"luminousworld:groundpebbles_1":2,"luminousworld:clovers_1":1,"minecraft:furnace":3,"minecraft:spruce_log":14,"minecraft:gold_block":1,"minecraft:crafting_table":2,"minecraft:grass_block":5,"minecraft:chest":1,"minecraft:dirt":27,"minecraft:packed_ice":13,"minecraft:spruce_leaves":5,"minecraft:stone":20,"minecraft:diorite":11},"minecraft:used":{"minecraft:cooked_mutton":3,"born_in_chaos_v1:corpse_maggot":1,"minecraft:stone_pickaxe":7,"minecraft:rotten_flesh":2,"minecraft:stone_axe":14,"minecraft:dirt":32,"minecraft:crafting_table":2,"minecraft:furnace":3,"alexsmobs:animal_dictionary":2,"tombstone:gift":2,"minecraft:golden_pickaxe":32,"minecraft:golden_axe":20},"minecraft:broken":{"minecraft:golden_pickaxe":1,"minecraft:golden_axe":1},"minecraft:picked_up":{"born_in_chaos_v1:corpse_maggot":1,"luminousworld:groundpebbles_1":2,"minecraft:crafting_table":2,"luminousworld:clovers_1":1,"minecraft:gold_block":1,"minecraft:porkchop":1,"minecraft:golden_axe":1,"minecraft:spruce_sapling":3,"minecraft:diorite":11,"minecraft:spruce_log":14,"minecraft:dirt":32,"alexsmobs:animal_dictionary":1,"minecraft:arrow":2,"minecraft:rotten_flesh":2,"minecraft:spruce_planks":26,"minecraft:sugar_cane":11,"minecraft:chest":2,"minecraft:mutton":3,"minecraft:white_wool":2,"minecraft:cobblestone":20,"minecraft:furnace":3},"minecraft:dropped":{"alexsmobs:animal_dictionary":1,"minecraft:golden_axe":1},"minecraft:killed":{"minecraft:sheep":2,"minecraft:pig":1,"born_in_chaos_v1:corpse_fly":1,"enemyexpansion:direwolf":1},"minecraft:custom":{"minecraft:time_since_rest":6812,"minecraft:damage_taken":1010,"minecraft:interact_with_furnace":8,"minecraft:sprint_one_cm":135706,"minecraft:walk_one_cm":175264,"minecraft:mob_kills":5,"minecraft:drop":2,"minecraft:damage_dealt":582,"minecraft:swim_one_cm":9250,"minecraft:interact_with_crafting_table":3,"minecraft:fly_one_cm":113671,"minecraft:open_chest":1,"minecraft:crouch_one_cm":617,"minecraft:play_time":77806,"minecraft:deaths":3,"minecraft:sneak_time":160,"minecraft:walk_under_water_one_cm":9755,"minecraft:jump":648,"minecraft:leave_game":12,"minecraft:time_since_death":9211,"minecraft:walk_on_water_one_cm":7609,"minecraft:total_world_time":77806,"minecraft:fall_one_cm":6872}},"DataVersion":3465}