{"stats":{"minecraft:crafted":{"minecraft:crafting_table":1,"minecraft:spruce_planks":32,"minecraft:stick":4,"minecraft:stone_pickaxe":1,"minecraft:furnace":1,"minecraft:stone_axe":1},"minecraft:killed_by":{"born_in_chaos_v1:dread_hound":1},"minecraft:mined":{"luminousworld:groundpebbles_1":2,"minecraft:furnace":1,"minecraft:spruce_log":8,"minecraft:crafting_table":2,"minecraft:gold_block":1,"minecraft:grass_block":5,"minecraft:chest":1,"minecraft:dirt":27,"minecraft:stone":20,"minecraft:diorite":11},"minecraft:used":{"born_in_chaos_v1:corpse_maggot":1,"minecraft:stone_pickaxe":1,"minecraft:rotten_flesh":2,"minecraft:stone_axe":3,"minecraft:dirt":5,"minecraft:crafting_table":2,"minecraft:furnace":1,"tombstone:gift":2,"alexsmobs:animal_dictionary":2,"minecraft:golden_pickaxe":32,"minecraft:golden_axe":20},"minecraft:broken":{"minecraft:golden_pickaxe":1,"minecraft:golden_axe":1},"minecraft:picked_up":{"luminousworld:groundpebbles_1":2,"born_in_chaos_v1:corpse_maggot":1,"minecraft:crafting_table":2,"minecraft:gold_block":1,"minecraft:porkchop":1,"minecraft:golden_axe":1,"minecraft:diorite":11,"minecraft:spruce_log":8,"minecraft:dirt":32,"alexsmobs:animal_dictionary":1,"minecraft:arrow":2,"minecraft:rotten_flesh":2,"minecraft:sugar_cane":11,"minecraft:chest":1,"minecraft:mutton":3,"minecraft:white_wool":2,"minecraft:cobblestone":20,"minecraft:furnace":1},"minecraft:dropped":{"alexsmobs:animal_dictionary":1,"minecraft:golden_axe":1},"minecraft:killed":{"minecraft:sheep":2,"minecraft:pig":1,"born_in_chaos_v1:corpse_fly":1,"enemyexpansion:direwolf":1},"minecraft:custom":{"minecraft:time_since_rest":32369,"minecraft:interact_with_furnace":2,"minecraft:sprint_one_cm":130244,"minecraft:damage_taken":550,"minecraft:walk_one_cm":145517,"minecraft:mob_kills":5,"minecraft:drop":2,"minecraft:damage_dealt":543,"minecraft:interact_with_crafting_table":3,"minecraft:swim_one_cm":9250,"minecraft:fly_one_cm":110971,"minecraft:open_chest":1,"minecraft:crouch_one_cm":50,"minecraft:play_time":44818,"minecraft:deaths":2,"minecraft:sneak_time":32,"minecraft:walk_under_water_one_cm":7508,"minecraft:jump":547,"minecraft:time_since_death":32936,"minecraft:leave_game":3,"minecraft:walk_on_water_one_cm":6242,"minecraft:total_world_time":44818,"minecraft:fall_one_cm":5040}},"DataVersion":3465}