{"stats":{"minecraft:crafted":{"minecraft:cooked_beef":4,"minecraft:oak_planks":8,"minecraft:cooked_porkchop":6,"minecraft:crafting_table":1,"minecraft:spruce_planks":104,"minecraft:stick":8,"minecraft:wooden_pickaxe":1,"minecraft:stone_pickaxe":1,"minecraft:wooden_axe":1,"minecraft:furnace":1,"minecraft:stone_axe":1,"minecraft:cooked_mutton":3},"minecraft:mined":{"minecraft:spruce_planks":4,"minecraft:furnace":1,"minecraft:spruce_log":25,"minecraft:stripped_spruce_log":2,"born_in_chaos_v1:black_argillite_brick":1,"minecraft:crafting_table":3,"minecraft:spruce_fence":3,"minecraft:grass":1,"minecraft:grass_block":1,"minecraft:oak_log":2,"minecraft:dirt":2,"minecraft:tall_grass":1,"minecraft:spruce_leaves":5,"minecraft:stone":56,"minecraft:spruce_slab":1},"minecraft:used":{"minecraft:cooked_mutton":2,"minecraft:wooden_axe":17,"minecraft:stone_pickaxe":52,"minecraft:spruce_planks":91,"minecraft:wooden_pickaxe":7,"minecraft:spruce_sapling":2,"minecraft:stone_axe":49,"minecraft:dirt":2,"minecraft:crafting_table":3,"minecraft:furnace":1,"minecraft:carrot":2},"minecraft:picked_up":{"born_in_chaos_v1:corpse_maggot":1,"minecraft:crafting_table":3,"minecraft:leather":1,"minecraft:spruce_fence":3,"minecraft:porkchop":6,"minecraft:stripped_spruce_log":2,"minecraft:oak_log":2,"minecraft:spruce_sapling":2,"tombstone:grave_dust":1,"minecraft:spruce_log":24,"minecraft:dirt":3,"born_in_chaos_v1:black_argillite_brick":1,"minecraft:bone":1,"minecraft:arrow":2,"minecraft:rotten_flesh":2,"minecraft:spruce_planks":3,"minecraft:beef":4,"minecraft:spruce_slab":1,"minecraft:mutton":3,"minecraft:white_wool":2,"minecraft:cobblestone":56,"minecraft:furnace":1},"minecraft:killed":{"minecraft:sheep":2,"minecraft:zombie":3,"minecraft:pig":2,"luminousworld:frost_bitten_skeleton":1,"minecraft:cow":2,"born_in_chaos_v1:maggot":1},"minecraft:custom":{"minecraft:time_since_rest":16766,"minecraft:interact_with_furnace":7,"minecraft:sprint_one_cm":29439,"minecraft:damage_taken":180,"minecraft:walk_one_cm":42055,"minecraft:mob_kills":11,"minecraft:damage_dealt":1471,"minecraft:swim_one_cm":13064,"minecraft:interact_with_crafting_table":6,"minecraft:fly_one_cm":37577,"minecraft:open_chest":1,"minecraft:crouch_one_cm":11093,"minecraft:play_time":16766,"tombstone:undead_killed":4,"minecraft:walk_under_water_one_cm":529,"minecraft:sneak_time":3320,"minecraft:jump":228,"minecraft:walk_on_water_one_cm":2734,"minecraft:time_since_death":16766,"minecraft:climb_one_cm":118,"minecraft:total_world_time":16766,"minecraft:fall_one_cm":5079}},"DataVersion":3465}