{"stats":{"minecraft:crafted":{"minecraft:crafting_table":1,"minecraft:spruce_planks":28,"minecraft:stick":8,"minecraft:wooden_pickaxe":1,"minecraft:stone_pickaxe":1,"minecraft:wooden_axe":1,"minecraft:stone_axe":1},"minecraft:mined":{"minecraft:spruce_log":13,"minecraft:crafting_table":2,"minecraft:grass_block":1,"minecraft:oak_log":2,"minecraft:spruce_leaves":2,"minecraft:stone":32},"minecraft:used":{"minecraft:wooden_axe":17,"minecraft:stone_pickaxe":26,"minecraft:wooden_pickaxe":7,"minecraft:stone_axe":11,"minecraft:dirt":1,"minecraft:crafting_table":2},"minecraft:picked_up":{"minecraft:crafting_table":2,"minecraft:leather":1,"minecraft:porkchop":6,"minecraft:oak_log":2,"minecraft:spruce_log":12,"minecraft:dirt":1,"minecraft:bone":1,"minecraft:arrow":2,"minecraft:beef":4,"minecraft:mutton":1,"minecraft:white_wool":1,"minecraft:cobblestone":32},"minecraft:killed":{"minecraft:sheep":1,"minecraft:pig":2,"luminousworld:frost_bitten_skeleton":1,"minecraft:cow":2},"minecraft:custom":{"minecraft:time_since_rest":4766,"minecraft:sprint_one_cm":13658,"minecraft:damage_taken":60,"minecraft:walk_one_cm":15354,"minecraft:mob_kills":6,"minecraft:damage_dealt":731,"minecraft:interact_with_crafting_table":2,"minecraft:fly_one_cm":16248,"minecraft:crouch_one_cm":2657,"minecraft:play_time":4766,"tombstone:undead_killed":1,"minecraft:sneak_time":687,"minecraft:jump":82,"minecraft:time_since_death":4766,"minecraft:total_world_time":4766,"minecraft:fall_one_cm":2322}},"DataVersion":3465}