{"stats":{"minecraft:crafted":{"minecraft:cooked_beef":4,"minecraft:oak_planks":8,"minecraft:cooked_porkchop":6,"minecraft:crafting_table":1,"minecraft:spruce_planks":104,"minecraft:wooden_pickaxe":1,"minecraft:iron_sword":1,"minecraft:furnace":1,"minecraft:stone_axe":1,"minecraft:cooked_mutton":3,"minecraft:shield":1,"minecraft:stick":12,"minecraft:stone_pickaxe":1,"minecraft:wooden_axe":1},"minecraft:killed_by":{"undead_revamp2:the_moonflower":1},"minecraft:mined":{"minecraft:spruce_planks":27,"minecraft:crafting_table":3,"minecraft:grass_block":1,"minecraft:spruce_fence":3,"minecraft:white_stained_glass_pane":1,"minecraft:tall_grass":1,"minecraft:cobblestone":1,"minecraft:spruce_leaves":5,"minecraft:red_terracotta":4,"minecraft:furnace":1,"minecraft:spruce_log":25,"minecraft:stripped_spruce_log":2,"born_in_chaos_v1:black_argillite_brick":1,"minecraft:grass":3,"minecraft:oak_log":2,"minecraft:dirt":2,"luminousworld:grassvariant_3":1,"minecraft:stone":62,"minecraft:oak_leaves":2,"minecraft:spruce_slab":2},"minecraft:used":{"minecraft:cooked_mutton":2,"minecraft:stone_pickaxe":63,"minecraft:shield":25,"minecraft:spruce_planks":92,"minecraft:wooden_pickaxe":7,"minecraft:iron_sword":10,"minecraft:dirt":3,"minecraft:crafting_table":4,"minecraft:carrot":4,"minecraft:wooden_axe":17,"minecraft:bricks":1,"minecraft:spruce_trapdoor":1,"minecraft:spruce_sapling":2,"minecraft:stone_axe":88,"minecraft:cobblestone":5,"minecraft:furnace":1},"minecraft:picked_up":{"born_in_chaos_v1:corpse_maggot":1,"minecraft:crafting_table":3,"minecraft:wheat":3,"minecraft:leather":1,"minecraft:oak_log":2,"minecraft:dirt":3,"minecraft:bone":1,"born_in_chaos_v1:black_argillite_brick":1,"minecraft:spruce_planks":25,"minecraft:beef":4,"minecraft:spruce_slab":2,"minecraft:spruce_trapdoor":1,"minecraft:furnace":1,"minecraft:spruce_fence":3,"minecraft:porkchop":6,"minecraft:stripped_spruce_log":5,"minecraft:spruce_sapling":2,"tombstone:grave_dust":1,"minecraft:spruce_log":24,"minecraft:red_terracotta":4,"minecraft:arrow":2,"minecraft:rotten_flesh":2,"minecraft:mutton":3,"minecraft:bricks":2,"minecraft:white_wool":2,"minecraft:cobblestone":63},"minecraft:killed":{"minecraft:pig":2,"minecraft:spider":1,"luminousworld:frost_bitten_skeleton":1,"born_in_chaos_v1:maggot":1,"minecraft:sheep":2,"minecraft:zombie":3,"minecraft:cow":2},"minecraft:custom":{"minecraft:interact_with_furnace":7,"minecraft:mob_kills":13,"minecraft:interact_with_crafting_table":11,"minecraft:leave_game":1,"minecraft:time_since_death":0,"minecraft:climb_one_cm":118,"minecraft:time_since_rest":114,"minecraft:sprint_one_cm":40505,"minecraft:damage_taken":450,"minecraft:walk_one_cm":63735,"minecraft:damage_blocked_by_shield":695,"minecraft:damage_dealt":1902,"minecraft:swim_one_cm":15677,"minecraft:fly_one_cm":58009,"minecraft:open_chest":4,"minecraft:crouch_one_cm":13133,"minecraft:play_time":29433,"tombstone:undead_killed":4,"minecraft:deaths":1,"minecraft:sneak_time":4637,"minecraft:walk_under_water_one_cm":816,"minecraft:jump":336,"minecraft:walk_on_water_one_cm":5832,"minecraft:total_world_time":29433,"minecraft:fall_one_cm":7348}},"DataVersion":3465}